GOLD,TIP
342.2,-2.43
344,-2.43
356.1,-2.46
348.7,-2.42
346.75,-2.29
354.6,-2.41
353.15,-2.41
352.35,-2.38
353.75,-2.34
351.9,-2.3
350.85,-2.31
358.2,-2.25
355.55,-2.23
359.25,-2.23
363.3,-2.2
364.1,-2.14
370.8,-2.16
366.45,-2.19
369.85,-2.21
363,-2.2
370.35,-2.19
369,-2.2
374.85,-2.12
385,-2.12
372.5,-2.09
370.55,-2.07
371.75,-2.06
362.15,-2.05
363.15,-2.04
354.25,-2.01
356.25,-2.03
347,-2.05
347.2,-1.99
351.1,-1.91
354,-1.93
352.9,-1.87
359.1,-1.84
352.55,-1.84
354,-1.82
347.65,-1.77
348.45,-1.77
352.4,-1.77
354.5,-1.75
353.25,-1.74
356.6,-1.72
353.1,-1.69
353.15,-1.68
349,-1.68
342.9,-1.73
335.5,-1.89
340.5,-1.97
334.9,-2.08
339,-2.15
335.5,-2.2
332.55,-2.29
330.15,-2.18
333,-2.17
329.6,-2.15
333.15,-2.1
330.3,-2.09
335.35,-2.03
335.65,-2.02
330.25,-2.11
324.7,-2.12
323.2,-2.16
319.75,-2.21
322.3,-2.18
324.1,-2.13
325.1,-2.16
325.05,-2.23
325.6,-2.22
323.7,-2.18
323.85,-2.2
326.1,-2.22
333.25,-2.27
333.8,-2.26
332,-2.22
333.4,-2.18
333.75,-2.16
332.6,-2.22
336,-2.16
338.95,-2.13
341.25,-2.19
342.65,-2.17
343,-2.02
341.4,-2
348.7,-2
350.35,-1.96
350.75,-1.94
348.9,-1.87
353.85,-1.86
352.55,-1.84
359.75,-1.85
368,-1.73
364.9,-1.73
369.6,-1.71
369.7,-1.72
372.35,-1.8
364.55,-1.83
361.1,-1.76
365.8,-1.77
361.3,-1.83
365.3,-1.76
365.3,-1.73
362.6,-1.75
367.35,-1.76
362.8,-1.68
359.4,-1.61
354.15,-1.62
354.2,-1.57
353.95,-1.51
359,-1.59
359.75,-1.7
361.25,-1.79
356.45,-1.74
359.6,-1.77
356.05,-1.71
354.35,-1.68
347.85,-1.71
345.85,-1.85
343.5,-1.9
345.15,-1.9
348.55,-1.92
351.2,-1.96
349.6,-2.09
350.25,-2.14
345.3,-2.12
345.45,-2
343.4,-1.94
344.2,-1.88
344.5,-1.92
348.5,-2.06
343,-2.08
344.6,-2.05
344,-2.04
347.8,-2.21
352.25,-2.19
352.2,-2.11
359.8,-2.18
361.1,-2.14
361.95,-2.27
364,-2.38
359.1,-2.32
355.75,-2.41
353.05,-2.4
348.95,-2.34
349.5,-2.43
352.65,-2.34
350.15,-2.29
353.5,-2.27
357,-2.31
360,-2.29
356,-2.41
362.25,-2.38
363.3,-2.36
361.3,-2.33
358.3,-2.24
362.2,-2.26
364,-2.29
360.75,-2.26
360.75,-2.28
364.3,-2.36
370.9,-2.29
371,-2.29
375.5,-2.43
372.2,-2.4
373,-2.32
371,-2.17
376.4,-2.24
378.2,-2.21
381.15,-2.18
379.05,-2.22
377.5,-2.18
375.3,-2.18
374.9,-2.26
372.9,-2.2
376.95,-2.18
376.3,-2.17
386.2,-2.21
386.45,-2.19
385.25,-2.13
391.85,-2.07
384.1,-1.99
379.85,-2.03
384.5,-1.95
385,-1.96
385.15,-2.01
383.95,-2.16
372.75,-2.11
376.2,-2.17
376.6,-2.18
376.45,-2.2
370.35,-2.14
373.65,-2.18
374.5,-2.2
371.2,-2.21
371.8,-2.14
371.45,-2.13
374.8,-2.12
381.55,-2.07
386.75,-2.03
384.6,-1.92
386.75,-1.96
386.55,-1.91
382.7,-1.98
391,-1.97
384.6,-1.93
383.25,-1.97
378.3,-1.93
382.15,-2.02
381.9,-2.08
381,-2.1
382.85,-2.09
388.05,-2.04
395.5,-1.94
395.35,-1.87
398,-1.82
392.4,-1.83
397.15,-1.91
395.75,-1.92
393.85,-1.93
394.25,-1.99
391.5,-1.92
392,-1.96
398.1,-2.03
398.75,-2.08
401.05,-2.05
403.3,-2.08
402.4,-2.04
402,-1.92
408.75,-1.96
408.25,-2
407.3,-1.97
404,-1.9
406.6,-1.91
404.5,-1.98
409.7,-1.99
407.5,-1.96
410.75,-1.94
408.75,-1.95
410.8,-1.98
409.6,-2.03
410.8,-1.96
413.5,-1.99
415.6,-2.01
417.25,-2
415.2,-2.06
417.75,-2.06
428,-1.97
420.65,-1.94
418.1,-1.99
422.8,-1.89
428.2,-1.89
424.5,-1.83
421,-1.85
415.5,-1.82
410.3,-1.83
408.3,-1.84
411.25,-1.79
412,-1.76
411.4,-1.82
406.2,-1.89
404,-1.84
410.7,-1.92
410.15,-1.91
401.3,-1.85
401.85,-1.84
401.75,-1.81
399.6,-1.82
399.3,-1.85
396.4,-1.79
406.7,-1.76
408.35,-1.79
406.4,-1.75
411.4,-1.77
412.1,-1.74
413.7,-1.75
415.9,-1.75
410.2,-1.76
408.25,-1.79
399.85,-1.76
401.45,-1.74
403.4,-1.71
395.05,-1.69
392.25,-1.61
398.5,-1.55
398.6,-1.58
390.35,-1.59
394.15,-1.6
393.5,-1.46
399.4,-1.43
401.2,-1.4
400.8,-1.45
397.4,-1.5
400.75,-1.52
399,-1.47
399.6,-1.4
402,-1.36
407.15,-1.37
411,-1.44
414.1,-1.42
415.2,-1.41
417.6,-1.38
416.6,-1.4
417.5,-1.47
420.9,-1.5
419.15,-1.52
423,-1.48
425.3,-1.48
426.1,-1.69
420.55,-1.75
416.95,-1.73
419.25,-1.82
422,-1.8
417.45,-1.88
405.75,-1.91
398,-1.93
399.75,-1.87
405.3,-1.87
398.8,-1.97
393.75,-1.96
391.35,-1.98
396.25,-2.12
396.5,-2.03
397.15,-2
396.75,-2.1
382.75,-2.15
387.3,-2.11
389.75,-2.1
394.3,-2.1
392,-2.15
386.85,-2.24
374.1,-2.25
378,-2.21
381.15,-2.17
375.5,-2.18
373.5,-2.16
380.8,-2.07
379,-2.05
380.2,-2.03
380.45,-1.96
382.25,-2.04
383.85,-2.01
387.6,-2.03
390.5,-1.99
391.45,-1.97
393.85,-2
395.85,-1.97
395.85,-2.04
391.4,-2.05
388.1,-2.11
393.45,-2.11
394.95,-2.15
389.3,-2.2
384.25,-2.18
382.9,-2.26
382.3,-2.16
387.75,-2.18
386,-2.16
388.7,-2.15
393.85,-2.16
394.6,-2.17
395.25,-2.18
396.75,-2.15
401.15,-2.16
401.7,-2.23
396.75,-2.2
393.75,-2.1
394.5,-2.04
394.7,-1.96
398.4,-1.97
397.35,-2
402.2,-2.02
406.6,-2.02
408.55,-2.02
404.25,-2.03
403.3,-2.02
403.9,-2.01
403.7,-1.94
406.95,-1.96
405.5,-2.05
401.1,-2.05
395,-2.03
392.85,-2
391.65,-2.05
392.25,-2.15
386.2,-2.11
388.75,-2.07
389.6,-2.01
393.25,-2
390.6,-1.98
392.7,-2
391.8,-1.96
392.25,-1.82
398.6,-1.85
399.05,-1.9
396.25,-1.86
396.25,-1.81
392.75,-1.77
399.3,-1.82
401.45,-1.82
403.2,-1.83
406.3,-1.76
405.8,-1.79
409.95,-1.86
406.9,-1.87
405.5,-1.88
405.95,-1.86
406.85,-1.86
408.1,-1.78
408,-1.77
407.8,-1.83
405.8,-1.88
401.8,-1.86
398.1,-1.82
399.25,-1.83
400.65,-1.83
400.75,-1.81
403.5,-1.81
404.8,-1.86
404.4,-1.81
404.6,-1.85
404.15,-1.8
405.45,-1.8
407.5,-1.73
408.05,-1.76
409.45,-1.78
409,-1.72
410.3,-1.7
411.55,-1.76
412.35,-1.77
418.15,-1.83
416.85,-1.86
414.25,-1.84
417.95,-1.9
417.9,-1.89
418.05,-1.78
418.2,-1.75
412.45,-1.72
414.65,-1.68
417.8,-1.7
418.5,-1.71
416.25,-1.7
421.7,-1.66
425.5,-1.62
422.4,-1.64
429,-1.63
427.15,-1.63
425.85,-1.73
423.85,-1.68
426.2,-1.63
428.1,-1.67
425.1,-1.61
422.2,-1.61
426.3,-1.65
428.75,-1.71
432.95,-1.72
432.3,-1.74
435.1,-1.75
436.9,-1.71
439.5,-1.67
437.95,-1.68
444.5,-1.63
444.3,-1.64
443.7,-1.67
447,-1.62
447,-1.65
448.65,-1.64
451.55,-1.66
450.4,-1.74
452,-1.75
451.1,-1.79
454.35,-1.83
449.15,-1.73
455.75,-1.7
453.75,-1.69
445.75,-1.62
437.35,-1.64
433.9,-1.66
436.95,-1.65
438.6,-1.62
437.8,-1.57
441.25,-1.64
439.2,-1.64
441.75,-1.62
441.85,-1.59
442.7,-1.63
442.4,-1.62
443.5,-1.73
435.15,-1.7
438,-1.68
426.8,-1.78
425.5,-1.79
425.8,-1.76
423.15,-1.8
421.25,-1.77
422.55,-1.76
421.7,-1.73
424.65,-1.7
421.7,-1.72
422.55,-1.71
424.1,-1.7
421.7,-1.7
423.3,-1.69
427.6,-1.68
426.2,-1.74
423.7,-1.72
426.3,-1.72
426.4,-1.65
423.8,-1.65
421.15,-1.67
421.9,-1.7
419.8,-1.73
416.5,-1.65
414.5,-1.62
411.5,-1.57
413.2,-1.49
413.5,-1.57
417.05,-1.57
422.8,-1.54
424.6,-1.61
424.15,-1.65
426.6,-1.65
426.55,-1.67
430.75,-1.67
433.25,-1.64
434.75,-1.65
432.4,-1.64
436.55,-1.7
434.65,-1.69
429.15,-1.69
433.25,-1.69
429.65,-1.65
433.6,-1.63
434.85,-1.67
439.9,-1.77
440.2,-1.76
440.95,-1.82
442.75,-1.82
442,-1.82
441.2,-1.79
442.65,-1.73
436.65,-1.77
436.25,-1.8
430.65,-1.87
427.25,-1.92
424.9,-1.9
426.95,-1.91
426.5,-1.89
427.5,-1.79
427.45,-1.77
425.95,-1.79
423.7,-1.81
426.6,-1.8
426.4,-1.85
425.4,-1.84
428.1,-1.82
429.15,-1.73
428.85,-1.74
427.2,-1.72
423.65,-1.67
425.65,-1.66
426.9,-1.62
432.4,-1.6
433.4,-1.66
433.4,-1.61
433,-1.63
434.7,-1.66
434.1,-1.65
432.75,-1.58
433.2,-1.61
429.2,-1.64
429.2,-1.63
430.5,-1.62
429.7,-1.69
425.8,-1.69
426.9,-1.65
428.35,-1.64
426.25,-1.66
421.45,-1.66
419.9,-1.66
420.35,-1.64
419.4,-1.65
421.75,-1.69
420.7,-1.67
417.6,-1.65
418.25,-1.62
418.5,-1.66
418.75,-1.69
418.6,-1.67
416.9,-1.63
416.1,-1.54
417.2,-1.55
423.2,-1.61
424.8,-1.6
426.6,-1.6
424.9,-1.63
423.55,-1.64
422.75,-1.74
425.6,-1.76
426.95,-1.79
426.65,-1.79
431.3,-1.75
436.05,-1.72
440.5,-1.74
434.35,-1.72
437.5,-1.68
437.15,-1.68
442.95,-1.65
439.35,-1.62
437.5,-1.67
434.9,-1.69
436.8,-1.67
434.2,-1.75
426,-1.8
423.85,-1.78
427.85,-1.77
423.75,-1.83
425,-1.81
426.95,-1.83
425.55,-1.87
422.5,-1.94
419.6,-1.95
421.6,-1.98
420,-1.92
420.65,-1.9
423.65,-1.95
426.35,-1.89
424.85,-1.94
424.5,-1.92
422.75,-1.92
425.3,-1.86
427.15,-1.92
431.35,-1.95
431.85,-1.99
433.6,-1.93
435.6,-1.94
437.5,-2
436.85,-2.02
434.7,-2.02
436.3,-2.01
437.8,-1.97
447.25,-1.91
442.6,-1.92
440.85,-1.87
444.25,-1.91
439,-1.86
439.25,-1.85
437.5,-1.86
439.85,-1.85
438.25,-1.83
439,-1.8
438.5,-1.81
436.15,-1.71
433,-1.65
435.5,-1.61
446.3,-1.59
443.5,-1.65
444.5,-1.69
444.8,-1.68
446.7,-1.64
449.15,-1.69
448.7,-1.67
447.85,-1.68
449.1,-1.71
458.1,-1.73
461.95,-1.7
470,-1.74
467,-1.68
472.75,-1.67
464.5,-1.74
461.05,-1.78
465.65,-1.77
462,-1.73
472.5,-1.75
473.4,-1.78
465,-1.84
467.5,-1.87
465.25,-1.86
466.3,-1.91
472,-1.9
475.5,-1.92
478.5,-1.96
471.25,-1.96
470.7,-1.98
472.35,-1.94
473,-1.92
468.4,-1.92
464,-1.92
463.15,-1.89
463.75,-1.93
467,-2.05
471.55,-2.06
473.25,-2.01
473.65,-2.01
472.65,-2
465.55,-2
461.65,-2.02
464.8,-2.03
461.35,-2.06
457.6,-2.03
457.15,-2.01
462.6,-2.08
467,-2.07
469.75,-2.14
467.55,-2.12
470.65,-2.07
480.75,-2.04
487.9,-2.09
488,-2.08
493,-2.03
488.85,-2.08
495.7,-2.05
497.3,-2.04
497.1,-2.11
493.8,-2.12
494.4,-2.15
504.75,-2.16
505,-2.17
508.25,-2.12
512.3,-2.18
514.85,-2.14
524.75,-2.18
537.5,-2.17
522.8,-2.16
513.75,-2.1
502.4,-2.12
502.5,-2.11
507.45,-2.11
505.75,-2.12
494.5,-2.14
494.75,-2.11
503.6,-2.07
509.15,-2.1
517,-2.07
513,-2.06
520.75,-2.03
534.35,-2.01
531.6,-2.04
529.5,-2.05
541,-2.05
545.25,-2.06
542.25,-2.07
547.5,-2.01
547.25,-1.97
558.05,-1.95
544.75,-1.97
547.7,-1.97
559.25,-1.94
558.5,-1.94
556.65,-1.97
562.25,-2.03
562.25,-2.01
559.75,-2.02
560.3,-2.03
569.8,-2
567.2,-2.02
571.85,-2.04
571.85,-2
570,-2
568.25,-2.02
548.65,-2.07
559,-2.05
558.75,-2.09
546.6,-2.08
540.5,-2.14
544.3,-2.13
540.65,-2.1
545.75,-2.03
553.4,-2.04
551.75,-2.01
552.5,-2.03
550.75,-2.02
556.1,-2.04
556.5,-2.02
562.6,-2.02
563.75,-2.05
568.6,-2.07
568,-2.14
555.25,-2.16
548.6,-2.2
547.25,-2.2
545.4,-2.23
545.25,-2.24
545.25,-2.17
551.25,-2.18
553.25,-2.12
555.5,-2.16
554.25,-2.15
553,-2.23
548.5,-2.23
548,-2.24
549.75,-2.2
564,-2.23
563.75,-2.3
562.25,-2.32
578.5,-2.35
584,-2.35
585.5,-2.36
585,-2.38
583.85,-2.34
595.5,-2.38
597,-2.43
597.5,-2.41
599.5,-2.37
596.75,-2.41
597,-2.48
616.75,-2.38
623.75,-2.38
644.5,-2.42
623.5,-2.39
634,-2.39
627.75,-2.47
630.75,-2.51
636.5,-2.45
638.25,-2.39
657.75,-2.43
675.25,-2.47
664.65,-2.49
682,-2.45
682,-2.45
679.75,-2.43
704.3,-2.43
707,-2.43
725.75,-2.47
693,-2.47
681,-2.44
713,-2.47
688,-2.41
682,-2.43
645.5,-2.43
661.7,-2.44
667.5,-2.42
643.75,-2.46
652,-2.44
652.25,-2.45
654,-2.48
633.25,-2.46
630.8,-2.37
644.5,-2.4
634.6,-2.44
623.5,-2.48
619,-2.47
612.25,-2.45
607.75,-2.45
590.75,-2.44
567.25,-2.5
574.25,-2.52
581.5,-2.54
569.75,-2.58
571,-2.58
576.5,-2.59
594.4,-2.61
582.6,-2.64
586.25,-2.67
587.7,-2.63
584,-2.68
581.75,-2.61
600.4,-2.54
619.5,-2.56
625.75,-2.63
623.75,-2.59
631,-2.55
624.5,-2.56
628.35,-2.53
642,-2.54
648.8,-2.51
660.4,-2.5
671.5,-2.49
647.5,-2.55
626,-2.49
642.9,-2.45
626.75,-2.49
616.4,-2.49
618.75,-2.48
617.75,-2.44
634.2,-2.47
631.25,-2.41
637,-2.41
635.5,-2.4
648.25,-2.36
646.25,-2.35
644.5,-2.3
647.25,-2.29
645.4,-2.27
640.5,-2.28
650.5,-2.3
641.55,-2.33
628,-2.36
624.75,-2.32
626,-2.28
630.75,-2.28
614.75,-2.26
621.5,-2.23
626.5,-2.22
623.5,-2.25
623.5,-2.28
622,-2.24
616.85,-2.29
614.7,-2.28
621.75,-2.24
624,-2.25
629.75,-2.31
636.7,-2.32
634,-2.34
611.5,-2.35
597.1,-2.38
596,-2.36
581.5,-2.35
593.4,-2.35
578.6,-2.38
581.5,-2.39
582.5,-2.35
576.25,-2.39
580.5,-2.31
592,-2.27
589.5,-2.24
591.25,-2.25
595.1,-2.26
603.5,-2.27
601.75,-2.27
602,-2.27
593,-2.29
578.5,-2.27
568.25,-2.31
570.6,-2.37
577.25,-2.42
574,-2.45
575.9,-2.44
577.9,-2.47
593,-2.45
594.9,-2.46
595.25,-2.46
589.75,-2.49
598,-2.49
588.5,-2.53
578.4,-2.52
581.6,-2.44
591.8,-2.41
593.75,-2.37
604.75,-2.39
600.9,-2.34
611.25,-2.29
615.75,-2.32
625.65,-2.4
625.75,-2.36
625.75,-2.32
625.5,-2.29
618,-2.28
632.25,-2.25
628.5,-2.29
623.4,-2.28
620.25,-2.3
624.5,-2.38
618.25,-2.33
624,-2.33
625,-2.31
627.75,-2.3
636,-2.27
637.5,-2.24
637.75,-2.21
638.25,-2.22
638.4,-2.16
644.4,-2.1
644.8,-2.11
643,-2.11
636.75,-2.14
630.5,-2.15
630.9,-2.21
625.5,-2.17
629.5,-2.15
629,-2.22
628.75,-2.23
626,-2.29
617.5,-2.31
616,-2.31
623.4,-2.32
622,-2.29
619.75,-2.35
628.3,-2.39
629,-2.41
635.7,-2.41
640.75,-2.38
636.75,-2.36
625.25,-2.36
626,-2.38
608.3,-2.38
612,-2.39
610.75,-2.42
613.5,-2.43
614.1,-2.49
625.6,-2.48
623.25,-2.5
632.8,-2.47
629,-2.47
635.1,-2.44
637.5,-2.46
643,-2.44
648.75,-2.48
645.7,-2.48
643.4,-2.5
642.25,-2.46
645.75,-2.4
652.55,-2.42
654.75,-2.42
648,-2.41
653.9,-2.4
655.25,-2.4
650.55,-2.39
657.85,-2.43
663.35,-2.46
664.75,-2.46
668.25,-2.38
670,-2.38
665.25,-2.36
668.6,-2.36
658.6,-2.33
676.4,-2.35
677.5,-2.3
684.5,-2.26
684.5,-2.14
677,-2.2
673.6,-2.19
664,-2.15
638.6,-2.17
644.6,-2.19
646.35,-2.16
653.75,-2.17
653.85,-2.25
652.5,-2.22
650.5,-2.15
640.75,-2.18
646.1,-2.17
650.65,-2.16
654.5,-2.18
654.4,-2.17
660.5,-2.14
664,-2.17
662.15,-2.19
659.65,-2.16
665.15,-2.16
665.6,-2.17
664.9,-2.18
663.5,-2.21
663.3,-2.21
663.5,-2.25
665.9,-2.23
672.6,-2.22
676.85,-2.27
679.1,-2.28
678.5,-2.28
677,-2.31
687.25,-2.3
688,-2.29
690.4,-2.26
687.25,-2.27
687.6,-2.27
691,-2.25
689.7,-2.21
686.2,-2.22
685.5,-2.26
672.5,-2.25
678,-2.2
677.5,-2.19
673.25,-2.22
675.9,-2.25
680.8,-2.24
685.9,-2.27
686.5,-2.29
677.85,-2.27
667.85,-2.3
674.2,-2.32
667,-2.37
670.9,-2.38
663.2,-2.41
660.75,-2.46
662.4,-2.43
663.5,-2.48
659.2,-2.5
661.5,-2.48
655,-2.49
657.6,-2.54
657.1,-2.52
656.6,-2.54
662.5,-2.57
670.75,-2.55
671.3,-2.6
669.8,-2.58
670.85,-2.7
656.75,-2.69
652.75,-2.72
652.8,-2.83
644.1,-2.75
650.75,-2.77
650.6,-2.73
658,-2.73
655.1,-2.67
659.6,-2.73
654.5,-2.74
652,-2.7
651.25,-2.67
649.55,-2.7
642.85,-2.7
645.7,-2.73
648.5,-2.65
650.5,-2.61
657.25,-2.68
655.9,-2.76
647.75,-2.79
657,-2.75
661.15,-2.64
664,-2.71
663,-2.74
667.5,-2.73
667.25,-2.69
663.15,-2.73
667.75,-2.64
673,-2.65
676,-2.6
683.5,-2.63
682.75,-2.58
677.25,-2.56
675.4,-2.47
663.5,-2.48
661.5,-2.49
666.75,-2.44
660.25,-2.44
665.35,-2.46
666.35,-2.44
674.15,-2.46
669.25,-2.51
670.4,-2.58
670.85,-2.54
664.5,-2.56
669.85,-2.52
667.35,-2.49
665,-2.46
664.15,-2.39
653,-2.45
658.5,-2.44
655.5,-2.38
657.15,-2.42
662.25,-2.39
659.75,-2.4
667,-2.33
664.75,-2.38
666.3,-2.32
668,-2.34
673.5,-2.36
679.5,-2.29
683.5,-2.32
695,-2.19
704,-2.14
704.25,-2.16
711.75,-2.18
708.1,-2.24
706.75,-2.2
710.25,-2.21
717.7,-2.19
723.75,-2.21
727.75,-2.34
735.35,-2.31
733.25,-2.33
727.7,-2.34
730.55,-2.34
729.75,-2.27
737.75,-2.27
745.25,-2.26
735.75,-2.23
733.15,-2.25
726.75,-2.24
735.85,-2.34
728.8,-2.34
740.5,-2.33
747.5,-2.32
748.5,-2.36
755.85,-2.34
761.75,-2.31
759.75,-2.22
758.35,-2.2
768.25,-2.09
755.6,-2.11
757.5,-2.11
757.35,-2.07
765,-2.04
775.6,-2.05
792.5,-2.04
784,-2.06
783,-2.14
792,-2
790.75,-1.92
802.5,-1.94
817.55,-1.93
841.75,-1.91
832.25,-1.88
836,-1.82
803.4,-1.86
808.25,-1.88
806,-1.81
790.25,-1.8
788.5,-1.7
789.65,-1.68
796.25,-1.62
810.5,-1.63
836.25,-1.45
823.25,-1.58
796.5,-1.71
807.25,-1.61
794.75,-1.63
783.75,-1.57
790.25,-1.59
801.75,-1.66
788.75,-1.77
799.75,-1.86
800,-1.89
806.75,-1.73
807.5,-1.78
809,-1.87
796.25,-1.9
787,-1.86
796.25,-1.8
801.5,-1.73
799.5,-1.74
803,-1.84
810.25,-1.88
822.5,-1.85
828.5,-1.78
836.5,-1.73
840.75,-1.59
865.35,-1.58
858.75,-1.56
857.5,-1.57
873.25,-1.57
887.85,-1.56
874.25,-1.68
893.75,-1.56
911.5,-1.53
904.75,-1.45
881,-1.5
881.5,-1.43
872.75,-1.42
862,-1.28
887.8,-1.31
891.5,-1.44
921.25,-1.34
916.5,-1.33
927.5,-1.37
923.75,-1.45
923.75,-1.33
933,-1.31
899.5,-1.38
889.75,-1.34
892,-1.36
908.25,-1.47
914,-1.36
925.5,-1.32
920.25,-1.36
905.75,-1.42
910.85,-1.57
909.75,-1.48
916.5,-1.56
924.85,-1.55
943,-1.43
945.75,-1.44
947.5,-1.53
934,-1.44
958.75,-1.42
957,-1.26
969,-1.1
978.25,-1.08
981.75,-1.15
966.25,-1.16
986.25,-1.07
978.5,-1.01
973.15,-0.9
980.5,-1.05
975.75,-0.95
988.25,-1.05
997,-1.01
1023.5,-1.05
1005.75,-1.08
995.25,-1.04
913.5,-1.02
930.65,-1.25
945.75,-1.24
948.25,-1.23
944.5,-1.13
937.25,-1.11
897,-1.22
893.5,-1.26
898.25,-1.28
905.25,-1.18
914.7,-1.23
921,-1.26
906.75,-1.19
934.25,-1.26
925.5,-1.19
917.75,-1.23
931.75,-1.28
932.75,-1.41
951.5,-1.44
942.25,-1.45
915.75,-1.44
920.75,-1.43
916.25,-1.44
900.75,-1.56
883.5,-1.6
892.25,-1.56
886,-1.56
867.75,-1.5
863.5,-1.52
854.25,-1.53
878,-1.55
874,-1.51
872.25,-1.43
887.25,-1.39
882.5,-1.41
877,-1.51
863,-1.49
866.25,-1.4
885,-1.41
908.75,-1.36
907,-1.31
925,-1.3
928.25,-1.41
922.25,-1.36
923.75,-1.46
892,-1.58
893,-1.62
879.5,-1.58
891.25,-1.51
895.5,-1.51
877.25,-1.59
873,-1.63
883.5,-1.47
904.25,-1.54
884.5,-1.62
874.25,-1.62
871.25,-1.73
864,-1.77
872,-1.76
883,-1.75
884,-1.68
893.25,-1.75
900,-1.72
905.25,-1.75
888.5,-1.64
887.25,-1.65
892.5,-1.55
923,-1.48
932.75,-1.48
929.5,-1.49
936,-1.43
939.75,-1.42
921,-1.43
929.25,-1.45
923.25,-1.39
930.75,-1.4
949,-1.48
957.75,-1.43
981.75,-1.4
974,-1.48
964.5,-1.6
961.5,-1.65
966.25,-1.66
973,-1.71
934.75,-1.8
927.75,-1.69
932.25,-1.79
929.25,-1.7
928.75,-1.76
914.1,-1.71
912,-1.65
909.5,-1.63
910,-1.64
884,-1.74
884.75,-1.79
882.5,-1.68
864.5,-1.72
863.75,-1.8
808.75,-1.72
824,-1.75
833.25,-1.67
784.75,-1.66
797.5,-1.67
791,-1.68
806.75,-1.6
821,-1.61
830,-1.69
809.75,-1.63
833.5,-1.58
832,-1.62
836.5,-1.68
802.5,-1.69
794.5,-1.71
810.5,-1.7
796.25,-1.71
806.5,-1.68
799.75,-1.69
774.25,-1.7
742.75,-1.67
757.5,-1.79
779.25,-1.7
779.75,-1.85
785.5,-1.81
864.25,-1.94
837.5,-1.85
873,-1.85
892.5,-1.99
888.5,-2.05
889,-2.09
869,-2.1
876.5,-2.03
897,-2.25
876,-2.26
866.25,-2.17
842.5,-2.18
836.5,-2.21
881.75,-2.32
913,-2.69
886.75,-2.79
918,-2.97
849.5,-3.05
848.5,-3.02
834.5,-3.02
801,-2.87
803,-2.76
781,-2.63
757.5,-2.59
726,-2.67
692.5,-3.02
720.5,-3.02
745,-3.06
749.25,-3.05
772.25,-3.06
728.5,-3.14
734,-3.09
734,-2.88
753.25,-2.76
739,-2.81
742,-2.86
751.75,-2.84
731.5,-2.79
714,-2.95
729.5,-2.87
745,-2.85
736.5,-2.92
737.75,-2.98
745.25,-3.06
758.5,-3.15
816.75,-3.11
802.5,-2.79
817,-2.68
813.5,-2.6
795.5,-2.38
772.5,-2.26
773.5,-2.14
772.75,-1.98
771.75,-2.23
772.25,-2.47
771,-2.41
785.75,-2.44
821,-2.35
813.75,-2.43
827.5,-2.43
833.5,-2.21
853.75,-1.86
872.5,-1.85
839,-1.98
846,-2.01
844,-2.03
836.75,-2.07
881,-2.02
870,-2.02
865,-2.14
869.75,-2.29
860,-2.34
844,-2.09
864,-2.05
842.5,-1.97
854,-1.87
848.5,-1.75
815.5,-1.74
827.25,-1.79
813,-1.78
824.25,-1.81
835,-1.82
860.5,-1.98
847.75,-1.97
873,-1.93
906.5,-1.92
896,-1.77
891.25,-1.81
878.5,-1.83
918.5,-1.73
913.75,-1.69
902,-1.76
902.25,-1.78
914.75,-1.84
914,-1.82
901,-1.66
896,-1.65
922,-1.66
944,-1.61
939.25,-1.68
962.25,-1.53
964.75,-1.63
973.5,-1.73
981,-1.67
987,-1.7
989.75,-1.82
956.25,-1.98
945,-2.02
943.75,-2.06
949.5,-2
924.75,-2.02
911,-2.09
913.25,-1.98
937.75,-2.02
934.75,-2.06
911.5,-2.15
900,-2.03
914.5,-1.88
920,-1.87
923,-1.88
920,-1.9
910.75,-1.28
937.25,-1.31
957,-1.43
952.75,-1.4
928.75,-1.36
921.25,-1.44
935.5,-1.3
927,-1.38
923,-1.39
918.5,-1.43
919.5,-1.37
914.75,-1.44
901.5,-1.53
879.5,-1.52
879.25,-1.61
887.25,-1.57
883.75,-1.62
895,-1.52
892.25,-1.55
889,-1.59
872,-1.7
870,-1.66
888.75,-1.69
885,-1.65
894.5,-1.52
909,-1.53
911.75,-1.48
897,-1.54
894.5,-1.59
889,-1.69
881.5,-1.8
903,-1.77
903.5,-1.74
912.75,-1.74
917.5,-1.77
912.5,-1.7
920,-1.69
925.75,-1.67
923.25,-1.68
925,-1.66
929.75,-1.66
921.5,-1.65
928.5,-1.56
940,-1.67
952.5,-1.72
942,-1.72
949.5,-1.83
949.75,-1.87
972,-1.67
987,-1.8
973.5,-1.69
979,-1.68
967.25,-1.83
977.75,-1.88
946.5,-1.94
952.5,-1.88
961.25,-1.91
953,-1.89
950,-1.91
932,-1.9
936.75,-1.88
933.75,-1.95
936.75,-1.98
933.75,-1.91
924,-1.89
920.25,-1.84
928.75,-1.93
934.25,-1.82
943,-1.85
939.75,-1.83
941,-1.78
931.5,-1.83
936,-1.87
921.5,-2.03
925.75,-1.87
920.75,-1.79
914.75,-1.87
910,-1.8
908.5,-1.84
921.75,-1.86
930,-1.87
935.25,-1.82
934.5,-1.81
952.25,-1.73
947.75,-1.71
945.5,-1.75
955.25,-1.8
949.75,-1.81
956,-1.85
955,-1.86
935.5,-1.84
932,-1.78
936.5,-1.71
954.25,-1.78
953.5,-1.81
964.5,-1.85
960.75,-1.87
960.5,-1.88
953.5,-1.83
946,-1.8
943.5,-1.84
956,-1.8
957.5,-1.85
937.5,-1.79
938.25,-1.78
934.25,-1.7
943.5,-1.6
941.5,-1.69
953.75,-1.67
947.5,-1.72
949.5,-1.72
943.5,-1.75
950.75,-1.76
949.75,-1.74
955,-1.71
982.5,-1.69
987.25,-1.7
1004.5,-1.66
995.75,-1.66
988.5,-1.59
998.25,-1.59
994.25,-1.65
997.5,-1.64
1017,-1.62
1020.5,-1.62
1014,-1.68
999.25,-1.69
1015.75,-1.65
1014.75,-1.63
1014,-1.64
997,-1.6
990.5,-1.57
991.75,-1.59
1001.25,-1.56
1005.75,-1.5
998,-1.54
1004.25,-1.51
1020.25,-1.53
1047,-1.45
1054.75,-1.49
1046.75,-1.56
1064.5,-1.46
1066,-1.51
1052.5,-1.5
1047.75,-1.45
1054.5,-1.38
1064,-1.37
1053.5,-1.43
1054.75,-1.49
1061.25,-1.51
1055,-1.59
1040.75,-1.49
1035.5,-1.48
1034,-1.5
1044.5,-1.41
1052,-1.41
1058,-1.45
1091.75,-1.45
1088,-1.41
1095,-1.37
1108.5,-1.3
1099.75,-1.31
1116,-1.33
1107.5,-1.31
1128.75,-1.21
1131.75,-1.2
1146,-1.21
1136,-1.21
1142.5,-1.21
1166,-1.2
1170.25,-1.21
1176.5,-1.16
1164.5,-1.15
1172,-1.13
1193.5,-1.14
1211.5,-1.18
1218.25,-1.24
1203.25,-1.34
1147.5,-1.31
1164.25,-1.31
1142.25,-1.36
1125.75,-1.4
1140,-1.41
1120,-1.37
1115,-1.37
1134,-1.34
1121.5,-1.28
1106.5,-1.31
1113.25,-1.39
1094.25,-1.43
1080.5,-1.46
1104.5,-1.5
1103,-1.46
1092.5,-1.44
1104,-1.48
1113,-1.47
1125.25,-1.43
1125,-1.48
1130.75,-1.44
1121.75,-1.41
1158,-1.47
1152.75,-1.35
1132.75,-1.43
1137.5,-1.4
1132,-1.34
1134,-1.35
1129,-1.31
1104,-1.29
1096.5,-1.31
1103.5,-1.33
1090.75,-1.31
1094.75,-1.35
1091.75,-1.35
1082.75,-1.3
1082,-1.29
1114,-1.26
1118.5,-1.3
1102.5,-1.27
1052.25,-1.32
1070,-1.35
1068,-1.37
1075.5,-1.44
1079.5,-1.47
1078.25,-1.46
1115.25,-1.42
1118.25,-1.46
1105.5,-1.48
1107,-1.52
1119.75,-1.55
1112,-1.5
1093,-1.51
1092.75,-1.51
1112.5,-1.48
1117.25,-1.46
1116,-1.46
1136.25,-1.46
1136.25,-1.44
1135,-1.48
1134,-1.49
1120,-1.48
1124.5,-1.49
1106,-1.49
1118.75,-1.45
1104,-1.46
1113.25,-1.42
1131.25,-1.4
1122.75,-1.45
1121.5,-1.5
1104.25,-1.48
1100.75,-1.49
1094,-1.6
1093.5,-1.65
1098,-1.62
1111.25,-1.66
1109.75,-1.66
1109.5,-1.6
1116,-1.61
1124,-1.68
1133.25,-1.55
1146.5,-1.58
1156,-1.56
1163.5,-1.52
1149.25,-1.5
1159,-1.54
1151.25,-1.49
1157,-1.46
1127.5,-1.49
1142.5,-1.47
1143.75,-1.42
1144.25,-1.46
1140,-1.47
1154,-1.46
1152.25,-1.37
1164.25,-1.4
1170,-1.31
1175.25,-1.29
1184.25,-1.31
1172,-1.3
1178,-1.25
1199.6,-1.3
1188.25,-1.33
1209,-1.31
1241.25,-1.28
1235,-1.28
1238.75,-1.26
1230.25,-1.31
1215,-1.25
1209.5,-1.32
1187.25,-1.36
1183.5,-1.33
1183.75,-1.35
1189.5,-1.33
1212.5,-1.3
1210.75,-1.33
1214,-1.32
1219.75,-1.32
1221,-1.36
1219.75,-1.34
1203.5,-1.26
1212.4,-1.25
1248,-1.29
1235,-1.28
1220,-1.35
1220.5,-1.29
1229.5,-1.31
1223,-1.32
1235.5,-1.28
1234.5,-1.22
1244,-1.25
1259.5,-1.24
1235.25,-1.2
1243,-1.19
1233.25,-1.23
1242.5,-1.21
1256,-1.17
1236,-1.14
1240.5,-1.15
1240,-1.21
1210.5,-1.27
1210.75,-1.26
1186,-1.3
1201.25,-1.25
1196.25,-1.26
1203.75,-1.26
1206.5,-1.28
1212.25,-1.23
1211.75,-1.21
1204.75,-1.25
1190.25,-1.29
1181.5,-1.28
1191.25,-1.19
1187,-1.21
1198.75,-1.24
1189,-1.24
1184,-1.26
1164,-1.22
1166,-1.21
1168,-1.14
1178,-1.13
1184,-1.07
1194.5,-1.12
1195.5,-1.07
1194.5,-1.04
1206,-1.04
1196.75,-0.95
1198,-0.95
1200,-1.05
1215,-1
1222,-0.95
1226.25,-1.01
1223,-1.02
1228,-1.02
1230.5,-1.05
1227,-1.05
1218,-1.01
1237.5,-1.01
1240.25,-0.95
1234.5,-1.05
1233.5,-0.95
1250,-1.02
1247.75,-1.05
1252,-1.1
1247.25,-0.98
1258,-1.02
1253.5,-1.05
1248.75,-1.02
1243,-0.94
1253.25,-0.93
1270.4,-0.97
1271.25,-1
1281.5,-1
1280.25,-0.94
1278.75,-0.78
1291.75,-0.74
1291.5,-0.77
1298,-0.81
1298.25,-0.79
1289,-0.69
1307.5,-0.74
1311,-0.75
1313,-0.75
1316,-0.72
1325.75,-0.65
1347,-0.52
1359.5,-0.53
1330.5,-0.45
1343.5,-0.49
1358.5,-0.44
1380.75,-0.41
1377.25,-0.5
1359.75,-0.47
1367.75,-0.44
1340.5,-0.47
1345.25,-0.5
1319,-0.5
1345,-0.45
1334,-0.52
1332.25,-0.62
1326.5,-0.57
1336.75,-0.5
1361.5,-0.49
1358,-0.49
1358.5,-0.5
1361,-0.44
1384.25,-0.48
1390,-0.48
1416.25,-0.58
1402,-0.56
1387,-0.71
1367,-0.87
1363.25,-0.87
1336.5,-0.84
1356.75,-0.83
1357.5,-0.77
1357.5,-0.7
1361,-0.69
1376.25,-0.8
1366.5,-0.75
1360,-0.73
1375,-0.74
1391.5,-0.83
1390,-0.84
1391.75,-0.86
1411.5,-0.79
1426,-0.92
1395,-1.07
1382,-1.09
1390,-1.16
1388.25,-1.11
1405,-1.27
1388.25,-1.22
1384,-1.15
1374.75,-1.05
1381,-1.07
1386,-1.06
1389,-1.03
1384,-1.08
1403.5,-1.06
1411.5,-1.08
1410.25,-1
1405.5,-1.01
1382.75,-1.08
1376,-1.03
1358,-0.98
1368.25,-0.96
1381,-0.97
1383.5,-0.98
1380.75,-0.97
1369.25,-1
1368.75,-0.99
1373.75,-0.99
1364.5,-1.22
1344,-1.2
1347.5,-1.18
1326,-1.11
1335.5,-1.16
1337.5,-1.16
1316,-1.09
1333.5,-1.08
1337.5,-1.11
1337,-1.16
1332.5,-1.23
1347.5,-1.3
1347,-1.32
1354,-1.39
1362.5,-1.34
1358.75,-1.39
1359,-1.36
1356.75,-1.34
1372.25,-1.33
1374.5,-1.37
1377,-1.31
1385.5,-1.25
1394.5,-1.12
1401.25,-1.1
1414.5,-1.05
1405,-1.02
1409.75,-1.03
1414.5,-1
1430.5,-1.01
1430.5,-1.09
1418,-1
1437,-1
1435,-1.01
1431.5,-0.98
1424.25,-0.91
1409.75,-0.96
1424.5,-0.93
1407,-0.93
1398.5,-0.85
1403.5,-0.82
1415.5,-0.85
1427.75,-0.9
1425.5,-0.95
1433,-0.98
1441.25,-0.95
1434,-1.02
1420,-1.01
1414,-1.03
1419,-1
1431,-0.99
1434.5,-0.94
1432.5,-0.91
1434.5,-0.94
1457,-0.99
1456.5,-0.99
1470.5,-0.95
1469.5,-0.96
1461.25,-0.9
1458,-0.88
1457.5,-0.89
1472.5,-0.82
1484.5,-0.8
1495,-0.76
1505,-0.82
1507,-0.83
1505,-0.76
1508,-0.81
1531,-0.78
1546.5,-0.73
1536,-0.7
1514.5,-0.7
1487.75,-0.71
1505,-0.69
1517.25,-0.74
1524.5,-0.76
1488.25,-0.79
1511,-0.79
1495,-0.81
1495.5,-0.82
1491.25,-0.82
1488.75,-0.91
1502.75,-0.85
1508.5,-0.84
1520.75,-0.79
1527,-0.8
1521.5,-0.76
1525,-0.79
1537,-0.8
1532.25,-0.74
1540.75,-0.78
1531,-0.75
1542.75,-0.76
1548.4,-0.76
1535.5,-0.76
1534,-0.8
1541,-0.79
1524.7,-0.8
1519,-0.83
1517.75,-0.74
1525,-0.73
1526.25,-0.75
1537,-0.79
1543,-0.78
1546,-0.82
1541.5,-0.71
1521,-0.64
1501,-0.67
1502.5,-0.73
1506,-0.74
1508,-0.75
1492.75,-0.77
1498.75,-0.77
1515.8,-0.74
1526.25,-0.75
1526,-0.69
1543.5,-0.63
1544.5,-0.6
1571.5,-0.59
1592.5,-0.68
1578.5,-0.61
1598.25,-0.58
1602,-0.54
1584.25,-0.62
1600.5,-0.68
1588,-0.61
1618.5,-0.58
1610,-0.57
1621,-0.56
1617.5,-0.52
1613.75,-0.38
1613.5,-0.33
1624,-0.29
1667.5,-0.36
1664.25,-0.24
1665,-0.32
1709.75,-0.2
1770,0
1753.75,0.13
1786,-0.06
1755,0.02
1738,-0.06
1779,-0.05
1792,-0.01
1794.5,-0.09
1862,-0.02
1877.75,-0.03
1886.5,-0.13
1850,-0.25
1716.5,-0.13
1787,-0.15
1791,-0.14
1826,-0.18
1815.5,-0.07
1854,0
1891,-0.05
1844,-0.09
1827,0
1879.5,0.03
1843,0
1806,-0.07
1829,-0.12
1806,-0.13
1778,-0.13
1817,-0.09
1792,-0.04
1810.25,-0.02
1765.5,-0.01
1730,-0.1
1615,-0.12
1671,-0.12
1655,-0.16
1620,-0.17
1629,-0.17
1660,-0.07
1672,-0.05
1600,-0.12
1649.5,-0.13
1651,-0.16
1662,-0.23
1687,-0.26
1673,-0.27
1676,-0.28
1689,-0.24
1658,-0.22
1651,-0.23
1629,-0.22
1623,-0.23
1651,-0.23
1656.25,-0.12
1713,-0.15
1708,-0.24
1735,-0.19
1718,-0.08
1702,0.04
1731,0.07
1732.5,0
1756,0.06
1764,0.1
1794,0.03
1780,0.04
1766,0.04
1780.5,0.01
1765,-0.04
1773,-0.05
1756,-0.06
1730,-0.05
1704,-0.07
1697.5,-0.05
1686,0.01
1676,-0.05
1714,-0.02
1717,-0.01
1704,-0.03
1750,-0.06
1751,0
1744,0.01
1720,-0.01
1731,0.01
1739,-0.01
1712,-0.05
1680,0.01
1665,0.05
1635,0.04
1590,0.01
1589.5,0.05
1593,0.12
1605,0.1
1637.5,0.07
1609,0.07
1607.5,0.04
1584,0.07
1537.5,0.05
1574.5,0.07
1590,0.04
1603,0.08
1614.5,0.1
1621,0.11
1618,0.13
1627,0.08
1641,0.1
1652.5,0.1
1642,0.14
1662,0.17
1657,0.15
1664,0
1646,-0.01
1675,-0.02
1669,0.01
1659,0.12
1713,0.16
1722,0.18
1720.5,0.24
1738,0.28
1744,0.28
1747.5,0.3
1759.5,0.21
1717,0.26
1720,0.21
1743,0.21
1733,0.17
1715.5,0.24
1727,0.22
1721,0.27
1725.5,0.26
1716,0.24
1732,0.23
1737,0.22
1754.75,0.27
1776.5,0.3
1778.5,0.29
1765,0.32
1774.75,0.31
1788,0.28
1721,0.23
1714.5,0.24
1698,0.2
1685.5,0.21
1682.5,0.22
1701.5,0.21
1699.5,0.24
1705.25,0.24
1694.75,0.2
1662,0.07
1646.75,0.08
1649,0.09
1654,0.03
1648.5,0.04
1656,0.08
1636,0.08
1651,0.11
1658,0.08
1694,0.13
1677,0.11
1655.75,0.13
1660.75,0.09
1664,0.14
1674.75,0.06
1631.75,0.05
1622.5,0.08
1643.75,0.24
1654,0.25
1655.5,0.22
1670.5,0.25
1648.25,0.26
1652,0.26
1646.5,0.26
1642,0.21
1640,0.24
1632,0.26
1638.75,0.25
1641.25,0.24
1648.25,0.29
1654,0.3
1662.5,0.3
1661.25,0.28
1652.5,0.28
1642.5,0.27
1629.5,0.3
1627,0.28
1585.5,0.27
1590,0.25
1580.75,0.28
1563,0.33
1559,0.36
1537.5,0.33
1547,0.35
1588,0.39
1590.25,0.41
1575.75,0.38
1555,0.41
1558.5,0.37
1560.5,0.38
1573.75,0.37
1548.75,0.45
1567.5,0.5
1552.5,0.59
1633.25,0.5
1620.75,0.49
1576,0.5
1593,0.53
1589.25,0.48
1612.75,0.51
1619,0.47
1622.25,0.54
1623.5,0.54
1628.5,0.53
1618.75,0.51
1600,0.47
1570.5,0.42
1569,0.47
1583.25,0.45
1567.5,0.45
1567.75,0.48
1569.5,0.46
1596.25,0.5
1608.5,0.48
1616.75,0.51
1591.75,0.53
1581,0.57
1594.5,0.59
1576.5,0.57
1565.5,0.58
1579,0.59
1584,0.61
1595,0.59
1579.5,0.6
1580,0.62
1583,0.67
1571.5,0.68
1573,0.68
1587.5,0.67
1603,0.66
1618.75,0.61
1616.5,0.64
1622.75,0.69
1614.75,0.67
1604.5,0.69
1595,0.66
1606.75,0.68
1613,0.65
1607,0.61
1612.75,0.58
1608.5,0.6
1622.25,0.58
1614.5,0.53
1594.75,0.45
1603.5,0.42
1616.5,0.43
1615.25,0.43
1624,0.45
1640.5,0.55
1662.5,0.62
1666.5,0.6
1663.5,0.68
1664.25,0.64
1657,0.63
1657.75,0.68
1691.5,0.68
1689.5,0.69
1708.5,0.63
1696,0.68
1732.75,0.68
1731,0.68
1742.75,0.61
1730.5,0.72
1772.5,0.76
1767.25,0.74
1756.75,0.73
1774.5,0.75
1760,0.7
1773.75,0.71
1758.5,0.73
1766.75,0.74
1763.75,0.77
1755.25,0.78
1781,0.77
1770.5,0.78
1778.5,0.83
1777.25,0.83
1786.5,0.86
1790,0.82
1770.75,0.81
1763,0.8
1767.25,0.77
1767,0.78
1747.25,0.78
1737.5,0.71
1747.75,0.65
1748,0.66
1732.75,0.71
1725,0.7
1717,0.71
1708.5,0.69
1715,0.63
1704,0.69
1712,0.73
1718,0.78
1723.25,0.77
1708.25,0.73
1679,0.75
1691.75,0.72
1730.5,0.8
1715,0.85
1732.75,0.83
1724.75,0.84
1724.5,0.81
1723.5,0.8
1710,0.81
1723.25,0.78
1734,0.74
1726.75,0.71
1734.75,0.72
1747.25,0.73
1747.25,0.74
1741,0.75
1724.5,0.78
1728.25,0.79
1718,0.81
1706.75,0.83
1703,0.85
1693,0.87
1697,0.86
1708.5,0.87
1709.75,0.84
1712.5,0.79
1694.75,0.73
1696.5,0.74
1690,0.7
1699.5,0.67
1674.5,0.66
1667,0.69
1648.25,0.71
1662.5,0.69
1655.25,0.73
1658.75,0.73
1664,0.67
1681.5,0.62
1684.5,0.54
1632.25,0.55
1653.75,0.6
1653.75,0.6
1663.5,0.64
1663,0.62
1669.5,0.63
1667.75,0.66
1681,0.66
1679.75,0.65
1683.25,0.64
1690,0.66
1692.5,0.68
1692.25,0.66
1677,0.62
1670.25,0.56
1656.75,0.55
1660.5,0.53
1666.25,0.54
1674.5,0.57
1665,0.55
1664.25,0.59
1678,0.55
1670,0.58
1675.75,0.58
1669.75,0.57
1663.5,0.58
1641.75,0.57
1648,0.54
1644,0.56
1629.25,0.53
1613.5,0.52
1602,0.52
1568.5,0.54
1580,0.57
1592.5,0.62
1597.25,0.62
1608.5,0.61
1591,0.64
1570,0.67
1578,0.65
1584.25,0.65
1574,0.61
1580.5,0.56
1577,0.5
1577.5,0.5
1582.5,0.52
1591.5,0.52
1585,0.53
1593.25,0.55
1599.5,0.6
1602.5,0.61
1611.5,0.57
1608.75,0.57
1611.5,0.6
1602.25,0.6
1597.25,0.61
1591,0.64
1602.5,0.64
1597.75,0.63
1568.5,0.65
1545.25,0.7
1552.75,0.74
1577.25,0.69
1572.5,0.67
1581.5,0.6
1555.75,0.65
1548,0.68
1416,0.69
1378,0.65
1379,0.64
1397,0.55
1414,0.59
1425,0.63
1417.25,0.64
1424.5,0.65
1446.5,0.66
1462.25,0.68
1472.5,0.67
1472.75,0.64
1469.5,0.64
1456,0.62
1476.5,0.53
1463,0.5
1454,0.48
1469.5,0.5
1449.25,0.45
1429.75,0.41
1436.5,0.37
1412.25,0.36
1377,0.4
1376.75,0.31
1353.75,0.31
1378.75,0.34
1385.25,0.24
1386,0.24
1385.25,0.26
1379,0.14
1384.5,0.1
1406.25,0.05
1410.25,0.05
1396.75,0.07
1405.25,0.05
1396.5,0.06
1399.5,0.05
1410,-0.03
1376.75,-0.11
1369.5,-0.13
1377.25,-0.21
1386.25,-0.15
1379.75,-0.09
1386,-0.15
1378.5,-0.14
1366,-0.29
1303.25,-0.46
1290.25,-0.59
1283.25,-0.64
1285,-0.64
1229,-0.6
1232,-0.5
1203.25,-0.53
1243.5,-0.48
1260.75,-0.44
1246,-0.48
1232.75,-0.66
1225.5,-0.58
1252,-0.59
1252.25,-0.64
1280.75,-0.56
1275,-0.55
1281.25,-0.47
1286,-0.41
1284.25,-0.38
1279.75,-0.38
1286,-0.29
1313.75,-0.28
1326.75,-0.33
1340,-0.44
1312,-0.44
1327.75,-0.43
1330.75,-0.45
1322.25,-0.46
1331.5,-0.38
1323.75,-0.48
1285.75,-0.42
1311,-0.42
1292,-0.39
1275.5,-0.35
1287.75,-0.34
1305.5,-0.33
1325.75,-0.37
1334,-0.48
1323.25,-0.5
1339.5,-0.6
1360.75,-0.68
1375.25,-0.75
1365.75,-0.67
1360,-0.73
1370.5,-0.79
1374.5,-0.69
1411,-0.57
1425.5,-0.63
1406.25,-0.65
1392.75,-0.68
1391.25,-0.76
1403.75,-0.83
1391.75,-0.92
1368.25,-0.87
1386,-0.84
1373,-0.86
1365.25,-0.8
1340.25,-0.81
1308.25,-0.8
1314.75,-0.76
1317.25,-0.7
1299.75,-0.49
1363.5,-0.55
1355.25,-0.52
1321.75,-0.46
1316.5,-0.48
1320.25,-0.45
1332.5,-0.47
1321.5,-0.46
1335.75,-0.45
1332.25,-0.46
1293.75,-0.43
1309,-0.43
1316,-0.46
1311,-0.45
1321,-0.48
1309.5,-0.47
1298,-0.5
1285.75,-0.5
1255.5,-0.54
1278.25,-0.5
1308.5,-0.45
1317,-0.42
1316,-0.44
1311.75,-0.37
1333,-0.36
1336.25,-0.36
1341.75,-0.34
1351,-0.35
1346.75,-0.35
1349.5,-0.37
1333.75,-0.4
1314.75,-0.5
1314.25,-0.5
1311.25,-0.55
1317,-0.48
1316,-0.46
1309,-0.59
1281,-0.62
1276,-0.58
1283.25,-0.51
1281.75,-0.53
1283.5,-0.48
1272.25,-0.53
1271.5,-0.64
1248.5,-0.6
1241.75,-0.56
1231.75,-0.56
1250.75,-0.54
1250.75,-0.58
1245.25,-0.6
1237.5,-0.66
1219,-0.64
1213,-0.73
1234,-0.76
1230.75,-0.77
1228.5,-0.74
1245.75,-0.69
1255.25,-0.71
1243.5,-0.75
1222.75,-0.72
1229.5,-0.71
1237.25,-0.67
1233.25,-0.72
1205.25,-0.79
1195,-0.73
1192.75,-0.76
1196.5,-0.8
1209.25,-0.8
1201.5,-0.76
1201.5,-0.8
1219.75,-0.74
1232.25,-0.75
1238,-0.72
1237.5,-0.7
1226.5,-0.72
1226,-0.66
1232.25,-0.59
1246,-0.57
1248.75,-0.62
1238,-0.62
1237.25,-0.61
1241,-0.58
1247.75,-0.59
1239.5,-0.62
1244.25,-0.66
1259.25,-0.61
1270,-0.64
1253.5,-0.62
1254.75,-0.55
1254,-0.57
1246.5,-0.53
1246.5,-0.47
1253,-0.51
1257,-0.56
1258.5,-0.57
1260,-0.53
1273.5,-0.51
1282.75,-0.56
1286.5,-0.59
1290.25,-0.56
1308.5,-0.59
1314,-0.57
1318.75,-0.6
1313.75,-0.63
1320.75,-0.61
1333,-0.59
1332.75,-0.55
1340,-0.51
1331,-0.49
1327.75,-0.49
1344.25,-0.44
1339.5,-0.52
1333.5,-0.52
1334.25,-0.53
1348.25,-0.57
1334.25,-0.57
1348,-0.57
1355.75,-0.54
1371,-0.49
1370,-0.48
1379,-0.52
1362.5,-0.5
1346,-0.62
1327,-0.66
1338.5,-0.61
1322,-0.59
1314.75,-0.61
1314.5,-0.57
1295,-0.56
1295.75,-0.6
1294,-0.6
1286.5,-0.63
1284,-0.68
1287.25,-0.66
1293.5,-0.61
1299,-0.59
1314.75,-0.58
1309.75,-0.57
1321.5,-0.51
1317.25,-0.5
1324.5,-0.52
1311.5,-0.5
1299,-0.48
1299.25,-0.52
1290.75,-0.52
1283.5,-0.49
1283.5,-0.49
1294.25,-0.48
1302,-0.52
1289.75,-0.53
1292,-0.49
1283,-0.43
1285,-0.41
1308.5,-0.45
1311,-0.42
1291.25,-0.42
1289,-0.44
1292.75,-0.48
1292.75,-0.45
1300.25,-0.37
1303.75,-0.31
1293.75,-0.34
1301,-0.37
1291.5,-0.35
1292,-0.36
1294.5,-0.35
1292,-0.32
1283,-0.31
1265.25,-0.22
1254,-0.22
1254,-0.26
1244.75,-0.32
1244.25,-0.41
1246,-0.44
1244.75,-0.41
1254,-0.4
1255,-0.41
1253.5,-0.43
1262.5,-0.43
1261.75,-0.39
1273,-0.41
1281.75,-0.41
1264.5,-0.43
1269,-0.38
1282,-0.39
1310,-0.35
1313.5,-0.35
1323,-0.31
1312,-0.29
1311.5,-0.26
1315.25,-0.27
1313,-0.27
1325.75,-0.32
1326.75,-0.38
1322.5,-0.37
1313.25,-0.36
1318.25,-0.31
1322.5,-0.28
1343.25,-0.27
1336.5,-0.25
1321.25,-0.28
1312,-0.31
1297.5,-0.32
1302.75,-0.24
1310.25,-0.26
1312.75,-0.25
1307,-0.25
1307.5,-0.25
1300,-0.25
1292.5,-0.2
1305,-0.22
1307.5,-0.2
1297.5,-0.29
1295,-0.29
1284.5,-0.25
1293.5,-0.26
1292.75,-0.25
1288.5,-0.24
1302,-0.19
1317.5,-0.19
1308.25,-0.19
1311,-0.22
1309.25,-0.2
1315,-0.19
1313.6,-0.16
1302.75,-0.21
1300.25,-0.23
1294.5,-0.26
1280.5,-0.24
1281,-0.26
1286.5,-0.25
1285,-0.23
1288,-0.21
1285.75,-0.23
1277.75,-0.27
1268.5,-0.24
1271,-0.28
1264,-0.31
1267.25,-0.35
1256,-0.39
1254.25,-0.44
1247,-0.42
1237.25,-0.49
1234.75,-0.47
1238.75,-0.48
1236.5,-0.56
1223,-0.61
1222.5,-0.56
1214,-0.58
1225,-0.52
1224,-0.54
1210.5,-0.5
1222.25,-0.57
1217.75,-0.55
1210,-0.55
1208.5,-0.46
1214.5,-0.49
1207.5,-0.52
1193.25,-0.5
1207.5,-0.44
1220,-0.39
1227.5,-0.37
1222.25,-0.35
1233,-0.29
1223.5,-0.29
1241,-0.28
1238,-0.3
1241,-0.29
1251.75,-0.33
1246.75,-0.34
1240.5,-0.38
1231.75,-0.39
1230.5,-0.38
1228.25,-0.39
1228,-0.42
1205.75,-0.42
1173.25,-0.43
1170.75,-0.43
1169.25,-0.43
1145.25,-0.43
1144.5,-0.45
1145,-0.38
1172,-0.44
1163.25,-0.46
1161,-0.47
1154,-0.43
1187,-0.48
1202,-0.48
1200.75,-0.53
1194,-0.49
1193.25,-0.45
1196,-0.44
1202.25,-0.42
1195.75,-0.42
1184.5,-0.39
1178.75,-0.43
1197,-0.51
1203.25,-0.5
1204,-0.48
1204.5,-0.56
1195.25,-0.55
1206.5,-0.49
1228.25,-0.47
1219.5,-0.49
1223.5,-0.46
1210.75,-0.5
1199.25,-0.42
1199,-0.49
1210.75,-0.57
1197.5,-0.49
1195.25,-0.47
1179.5,-0.56
1177,-0.59
1194,-0.57
1186.5,-0.56
1199.25,-0.49
1184.25,-0.41
1192,-0.4
1211,-0.41
1213.75,-0.39
1206.5,-0.41
1211.25,-0.36
1222,-0.35
1239,-0.37
1228.75,-0.29
1235.25,-0.19
1258.25,-0.23
1292.25,-0.23
1298,-0.26
1287,-0.29
1293.5,-0.21
1282.75,-0.22
1279,-0.17
1287,-0.12
1275.5,-0.15
1263.5,-0.03
1274.25,-0.03
1281,-0.09
1269.25,-0.1
1263.75,-0.13
1264,-0.24
1242.25,-0.25
1237.5,-0.31
1235.5,-0.32
1225.25,-0.33
1225.75,-0.34
1221.75,-0.43
1206.5,-0.36
1217.75,-0.37
1203.5,-0.38
1193.5,-0.34
1195.5,-0.27
1206.5,-0.24
1220,-0.24
1205,-0.17
1216.75,-0.25
1207.75,-0.26
1204.25,-0.25
1199.75,-0.27
1196.5,-0.41
1173.75,-0.44
1161,-0.41
1158.75,-0.39
1161.25,-0.39
1156.5,-0.44
1157,-0.45
1154.75,-0.42
1149,-0.23
1164,-0.19
1171.75,-0.17
1181.4,-0.17
1193.25,-0.11
1192.55,-0.12
1209.4,-0.21
1198,-0.19
1187.4,-0.23
1179.25,-0.18
1181.25,-0.07
1201.5,-0.11
1208.5,-0.04
1211.1,-0.08
1196,-0.13
1201.9,-0.14
1197.85,-0.14
1191.45,-0.1
1189.85,-0.07
1204.6,-0.05
1204.55,0.02
1203.25,-0.01
1197.7,-0.06
1202.4,-0.12
1187.75,-0.07
1192.15,-0.04
1182.75,-0.03
1201.4,-0.11
1204.8,-0.14
1204.3,-0.11
1179,-0.18
1187.4,-0.25
1191.25,-0.34
1183,-0.3
1185.25,-0.28
1184.75,-0.4
1184.45,-0.4
1193,-0.41
1214.75,-0.36
1216.3,-0.31
1228.15,-0.37
1219.65,-0.42
1206.75,-0.38
1209.6,-0.35
1211,-0.34
1194,-0.32
1187.85,-0.34
1189.45,-0.33
1190.4,-0.32
1187.3,-0.39
1188.75,-0.44
1186.6,-0.55
1182.45,-0.5
1175.9,-0.55
1173.4,-0.54
1181,-0.56
1186,-0.63
1180.5,-0.56
1179.25,-0.55
1178.25,-0.51
1182.1,-0.44
1178.5,-0.42
1198,-0.46
1198.15,-0.4
1193.7,-0.47
1183.35,-0.5
1175.75,-0.48
1174.6,-0.49
1174.4,-0.57
1176.5,-0.46
1175,-0.48
1171.7,-0.54
1164.3,-0.49
1164.25,-0.43
1166.25,-0.4
1154.25,-0.39
1162.1,-0.47
1162.4,-0.55
1154.95,-0.58
1153.2,-0.56
1154.75,-0.52
1145.1,-0.52
1143,-0.51
1115,-0.56
1108,-0.53
1096.8,-0.53
1101.65,-0.49
1083.75,-0.51
1098.6,-0.5
1095.6,-0.51
1096.75,-0.52
1085.65,-0.51
1080.05,-0.46
1093,-0.46
1092.6,-0.52
1086.5,-0.58
1085,-0.56
1091.35,-0.52
1094.8,-0.55
1113.25,-0.49
1116.8,-0.52
1117.35,-0.57
1116.75,-0.58
1117.3,-0.58
1119.15,-0.62
1123.2,-0.55
1137.95,-0.53
1149.35,-0.52
1153.5,-0.52
1154.25,-0.59
1134.4,-0.65
1128.5,-0.6
1125.5,-0.58
1141.9,-0.6
1140,-0.64
1130.05,-0.64
1125,-0.62
1120.85,-0.67
1122.3,-0.65
1107.75,-0.64
1106.35,-0.61
1108,-0.62
1105.5,-0.72
1109.75,-0.73
1118.15,-0.63
1136,-0.58
1136.85,-0.66
1129.3,-0.63
1124.6,-0.64
1134.45,-0.64
1145.5,-0.71
1137.5,-0.71
1124.6,-0.66
1122.5,-0.65
1114.2,-0.59
1106.3,-0.51
1134.35,-0.56
1136.9,-0.53
1147.9,-0.53
1143.3,-0.54
1151.5,-0.58
1154.4,-0.54
1173.7,-0.5
1183.35,-0.54
1176.35,-0.56
1171.65,-0.59
1173.7,-0.6
1174.4,-0.59
1166.45,-0.57
1171.55,-0.58
1168.5,-0.59
1165.75,-0.57
1171.5,-0.63
1159,-0.67
1147.75,-0.63
1135.8,-0.65
1130.9,-0.65
1118,-0.68
1107.3,-0.71
1107.7,-0.75
1095.6,-0.76
1092.5,-0.77
1087.6,-0.78
1083.75,-0.76
1094.5,-0.76
1080.8,-0.72
1070.5,-0.71
1073.1,-0.68
1085.15,-0.66
1068.35,-0.64
1073,-0.62
1072.2,-0.62
1064.65,-0.62
1055.65,-0.62
1069.25,-0.58
1066.9,-0.62
1050.6,-0.72
1063,-0.68
1082.7,-0.67
1071.75,-0.68
1078.4,-0.69
1072,-0.73
1067.2,-0.67
1068,-0.78
1069.15,-0.8
1065.75,-0.84
1065.85,-0.77
1055.25,-0.73
1071.15,-0.75
1077,-0.78
1071.5,-0.76
1071.9,-0.73
1067.25,-0.79
1067.8,-0.77
1062.25,-0.73
1072.7,-0.69
1078,-0.69
1083.85,-0.65
1096,-0.66
1097.45,-0.65
1104.7,-0.72
1094.85,-0.69
1081.8,-0.65
1090.75,-0.67
1081.1,-0.67
1087,-0.68
1093.2,-0.69
1096.8,-0.74
1097.65,-0.72
1103.7,-0.69
1114.7,-0.65
1116.5,-0.62
1119,-0.58
1112.9,-0.53
1122,-0.57
1123.6,-0.51
1130,-0.5
1146.25,-0.51
1158.5,-0.53
1173.4,-0.52
1188.9,-0.53
1183.4,-0.5
1223.25,-0.45
1239.5,-0.49
1212,-0.53
1202.4,-0.53
1204.4,-0.51
1221.5,-0.5
1203.65,-0.46
1218.75,-0.42
1232.25,-0.39
1235.4,-0.32
1231,-0.35
1234.15,-0.32
1240,-0.35
1229.35,-0.33
1241.95,-0.3
1271.5,-0.37
1267.6,-0.43
1274.1,-0.37
1258.25,-0.39
1247.25,-0.45
1262.25,-0.44
1256.55,-0.45
1233.6,-0.47
1233.1,-0.36
1269.6,-0.34
1254.5,-0.27
1244.25,-0.28
1251.8,-0.31
1232.2,-0.3
1216.45,-0.34
1216.45,-0.2
1238.2,-0.18
1233.6,-0.16
1232.1,-0.17
1215,-0.14
1231.5,-0.14
1225.75,-0.17
1237.5,-0.12
1235,-0.14
1247.25,-0.17
1259.2,-0.22
1245.75,-0.21
1240.3,-0.24
1229.75,-0.2
1237.7,-0.21
1241.7,-0.19
1247.75,-0.23
1257.65,-0.24
1245.4,-0.25
1230.85,-0.26
1234.5,-0.27
1244.75,-0.19
1256.6,-0.12
1274.5,-0.12
1296.5,-0.17
1280.3,-0.16
1275.75,-0.13
1280.25,-0.18
1277.75,-0.18
1264.85,-0.15
1271.8,-0.14
1268.3,-0.15
1275.15,-0.13
1281,-0.15
1270.1,-0.15
1270.9,-0.26
1253.75,-0.29
1256.5,-0.29
1250.4,-0.3
1242.65,-0.31
1220.75,-0.29
1226.65,-0.25
1221.25,-0.27
1210.5,-0.3
1216.25,-0.31
1215.5,-0.27
1211,-0.19
1240.55,-0.19
1241.1,-0.15
1252.4,-0.12
1258.35,-0.12
1266.6,-0.12
1284.1,-0.15
1279.4,-0.17
1282,-0.13
1307,-0.15
1284.5,-0.2
1283.25,-0.24
1280.8,-0.28
1265,-0.25
1265.75,-0.24
1313.85,-0.15
1324.6,-0.12
1312,-0.09
1317.75,-0.1
1317,-0.09
1331.75,-0.03
1344.75,0.03
1370,0.05
1367.1,0.03
1356.1,0.06
1358.25,-0.01
1352.85,-0.07
1340.25,-0.03
1325.7,-0.08
1330.5,-0.11
1326.15,-0.1
1332.2,-0.12
1325.6,-0.13
1322,-0.05
1323.2,-0.06
1315,-0.08
1321.25,-0.07
1320.8,-0.03
1341.3,0
1332.5,0.03
1348.85,-0.05
1358.15,-0.11
1364.4,-0.09
1351.15,-0.04
1362.6,-0.09
1330,-0.08
1332.9,-0.06
1351.85,-0.06
1344.55,-0.1
1336.7,-0.07
1339.2,-0.1
1349.1,-0.13
1342.75,-0.09
1347.1,-0.06
1346.85,-0.1
1334.3,-0.08
1338.5,-0.07
1337.3,-0.08
1324.5,-0.09
1324.9,-0.15
1318.85,-0.11
1314.45,-0.11
1305.7,-0.12
1311.5,-0.13
1330.05,-0.06
1348.75,-0.03
1348,-0.09
1335.65,-0.17
1327.5,-0.17
1328.5,-0.24
1323.2,-0.21
1320.1,-0.22
1314.25,-0.19
1315.05,-0.2
1315.4,-0.2
1319.6,-0.15
1332.45,-0.08
1335.9,-0.05
1336.3,-0.05
1335.85,-0.04
1324.8,-0.01
1320.85,-0.02
1327.9,0
1318.65,0
1309.15,-0.07
1274,-0.1
1265.5,-0.11
1255,-0.1
1256.4,-0.13
1255.7,-0.15
1258,-0.12
1256.15,-0.13
1252.7,-0.09
1261.65,-0.09
1269.75,-0.08
1269.2,-0.08
1263.95,-0.07
1267,-0.11
1269.3,-0.07
1273.9,-0.08
1269.3,-0.13
1265.9,-0.13
1274.2,-0.11
1284.4,-0.11
1295.85,-0.11
1293,-0.14
1301.7,-0.11
1286.8,-0.12
1284,-0.15
1304.55,-0.25
1280.9,-0.27
1222.6,-0.4
1228.9,-0.41
1225.7,-0.39
1232,-0.42
1206.1,-0.44
1214.95,-0.42
1217.55,-0.41
1213.25,-0.44
1187.5,-0.47
1189.1,-0.47
1187.3,-0.44
1187.4,-0.43
1168.75,-0.48
1171.65,-0.49
1164.9,-0.45
1171.15,-0.44
1171.25,-0.42
1174.75,-0.45
1168.9,-0.51
1154.4,-0.51
1157.35,-0.53
1160.95,-0.6
1132.45,-0.7
1134.85,-0.74
1137.6,-0.68
1132.75,-0.67
1134.4,-0.64
1130.55,-0.6
1131,-0.58
1139.75,-0.56
1146.8,-0.55
1159.1,-0.5
1148.65,-0.47
1165.9,-0.47
1173.05,-0.42
1178,-0.46
1176.1,-0.43
1183.2,-0.43
1187.55,-0.39
1206.65,-0.38
1196.35,-0.41
1217.5,-0.36
1212.5,-0.42
1203.35,-0.43
1199.1,-0.44
1213.75,-0.39
1213.3,-0.41
1203.5,-0.45
1191.55,-0.43
1184.2,-0.41
1189.85,-0.42
1198.8,-0.4
1210,-0.43
1224.05,-0.43
1213.05,-0.44
1221.85,-0.4
1231,-0.4
1235.6,-0.38
1241.75,-0.41
1225.75,-0.4
1229.4,-0.43
1229.65,-0.46
1225.15,-0.45
1236.75,-0.43
1241.4,-0.41
1228.7,-0.4
1237.5,-0.38
1237.35,-0.35
1255.35,-0.31
1256.25,-0.35
1251.9,-0.34
1246.05,-0.43
1243.3,-0.48
1228.75,-0.45
1231.15,-0.48
1223.7,-0.49
1213.3,-0.56
1204.6,-0.6
1196.55,-0.57
1207.8,-0.61
1203.55,-0.61
1202.25,-0.5
1225.6,-0.51
1228.75,-0.49
1233,-0.47
1232.05,-0.45
1246.1,-0.43
1247.9,-0.46
1244,-0.42
1256.9,-0.41
1253.65,-0.45
1252.9,-0.41
1250.9,-0.46
1241.7,-0.43
1246.25,-0.39
1258.65,-0.4
1252.5,-0.37
1253.75,-0.39
1264.3,-0.44
1253.6,-0.44
1255.7,-0.41
1272.3,-0.38
1286.1,-0.32
1285,-0.33
1282.05,-0.36
1279.9,-0.39
1281.5,-0.4
1271.8,-0.41
1270.5,-0.44
1264.95,-0.42
1264.3,-0.39
1265.55,-0.37
1255.8,-0.41
1253.95,-0.46
1235.85,-0.5
1239.4,-0.5
1229.7,-0.53
1225.15,-0.56
1222.95,-0.56
1221,-0.51
1227.9,-0.49
1231.5,-0.52
1234.05,-0.51
1244.6,-0.44
1261.35,-0.43
1251.85,-0.41
1255.25,-0.43
1259.9,-0.46
1251.35,-0.45
1257.1,-0.45
1265,-0.44
1262.8,-0.4
1263.8,-0.4
1266.15,-0.4
1260.95,-0.36
1280.7,-0.39
1287.85,-0.37
1292.7,-0.4
1284.8,-0.41
1274.25,-0.43
1269.25,-0.46
1261.3,-0.46
1268.25,-0.44
1260.25,-0.49
1256.6,-0.49
1251.1,-0.52
1246.5,-0.5
1247.05,-0.5
1251.4,-0.46
1256.3,-0.45
1240.85,-0.43
1250.4,-0.5
1251.6,-0.49
1246.6,-0.55
1243.25,-0.58
1235.2,-0.6
1221.9,-0.58
1224.3,-0.61
1220.4,-0.66
1207.55,-0.66
1211.9,-0.62
1219.4,-0.57
1221.4,-0.58
1218.95,-0.57
1229.85,-0.54
1237.1,-0.51
1239.85,-0.51
1236.55,-0.5
1247.25,-0.48
1255.85,-0.48
1252,-0.52
1245.4,-0.49
1262.05,-0.49
1259.6,-0.47
1266.35,-0.48
1267.05,-0.47
1266.65,-0.48
1261.8,-0.46
1269.3,-0.47
1257.55,-0.46
1261.45,-0.46
1267.95,-0.42
1278.9,-0.4
1288.3,-0.4
1281.1,-0.45
1270.15,-0.45
1285.9,-0.42
1295.25,-0.43
1287.6,-0.43
1285.1,-0.45
1286.45,-0.42
1285.9,-0.44
1287.05,-0.42
1323.4,-0.39
1310.6,-0.39
1305.8,-0.36
1318.4,-0.37
1331.15,-0.3
1340.15,-0.32
1340.45,-0.26
1350.9,-0.25
1338.75,-0.31
1326.25,-0.33
1332.25,-0.35
1323,-0.35
1325,-0.35
1314.4,-0.36
1308.45,-0.37
1314.9,-0.43
1297.35,-0.44
1297,-0.42
1295.5,-0.38
1306.9,-0.4
1291.3,-0.44
1284.3,-0.44
1286.95,-0.49
1273.1,-0.51
1270.7,-0.49
1275.55,-0.48
1278.4,-0.49
1268.2,-0.5
1289.6,-0.47
1290.2,-0.46
1294.45,-0.44
1293.9,-0.43
1305.15,-0.46
1289.7,-0.48
1280.65,-0.5
1283.4,-0.49
1280.25,-0.52
1275.25,-0.52
1278.3,-0.55
1273,-0.56
1278,-0.57
1267.8,-0.54
1272.75,-0.5
1274.4,-0.5
1279.25,-0.49
1276.4,-0.48
1275.3,-0.48
1271.6,-0.46
1276.35,-0.44
1282.25,-0.45
1284,-0.46
1284.45,-0.52
1278.4,-0.52
1273.7,-0.51
1285.7,-0.48
1277.7,-0.53
1283.85,-0.49
1292.35,-0.52
1280,-0.52
1283.95,-0.48
1289.15,-0.5
1294.7,-0.49
1293.9,-0.5
1294.85,-0.53
1282.15,-0.56
1277.25,-0.51
1279.1,-0.5
1275.9,-0.5
1268.55,-0.47
1256.8,-0.5
1245.85,-0.5
1251.4,-0.51
1243.4,-0.51
1241.6,-0.48
1255.6,-0.48
1257.25,-0.47
1258.65,-0.5
1263.1,-0.55
1265.95,-0.57
1265.85,-0.55
1268.05,-0.54
1285.4,-0.48
1291.6,-0.47
1296.5,-0.44
1312.8,-0.46
1314.6,-0.46
1313.7,-0.45
1317.9,-0.46
1318.8,-0.47
1314.95,-0.52
1321.65,-0.52
1319.85,-0.54
1332.9,-0.54
1334.95,-0.51
1337.35,-0.53
1329.75,-0.57
1335.8,-0.58
1334.15,-0.6
1337.1,-0.57
1350.5,-0.58
1360.25,-0.56
1354.35,-0.57
1348.4,-0.61
1345.7,-0.63
1343.35,-0.61
1341.1,-0.67
1345,-0.7
1337.1,-0.67
1344.65,-0.69
1328.5,-0.74
1311.05,-0.76
1316.05,-0.78
1321.7,-0.79
1329.4,-0.78
1330.75,-0.82
1353.7,-0.79
1358.6,-0.78
1337.4,-0.78
1328.6,-0.82
1323.5,-0.81
1328.9,-0.76
1339.05,-0.73
1332.75,-0.77
1320.3,-0.75
1311.25,-0.71
1316.75,-0.74
1326.3,-0.75
1324.95,-0.76
1332.5,-0.76
1325.4,-0.75
1319.35,-0.78
1317.25,-0.77
1318.7,-0.75
1324.95,-0.74
1323.35,-0.74
1320.05,-0.77
1311.7,-0.77
1312.75,-0.81
1316.35,-0.8
1328.85,-0.75
1342.35,-0.75
1348.4,-0.77
1350.65,-0.71
1341.05,-0.72
1323.9,-0.69
1336.6,-0.71
1343.15,-0.71
1327.05,-0.75
1325.6,-0.7
1328.5,-0.71
1335.95,-0.72
1345.2,-0.68
1345.9,-0.7
1340.75,-0.69
1344.4,-0.71
1342.95,-0.68
1346.55,-0.71
1347.9,-0.75
1340.15,-0.79
1328,-0.8
1327.35,-0.83
1325.7,-0.86
1321.9,-0.82
1317.7,-0.79
1316.25,-0.78
1309.2,-0.81
1310.75,-0.8
1313.3,-0.78
1309.35,-0.79
1310.05,-0.81
1306.85,-0.82
1314.8,-0.8
1324.8,-0.82
1320.7,-0.85
1310.05,-0.9
1291.75,-0.92
1288.85,-0.95
1287.2,-0.91
1285.85,-0.9
1293.9,-0.91
1294,-0.87
1296.35,-0.86
1303.95,-0.84
1302.05,-0.73
1298.6,-0.78
1303.5,-0.76
1299.15,-0.8
1294.65,-0.82
1292.25,-0.79
1295.25,-0.83
1298.3,-0.8
1299.2,-0.82
1296.05,-0.83
1298.3,-0.83
1294.4,-0.86
1305.3,-0.82
1300.1,-0.81
1281.25,-0.8
1279,-0.77
1273.25,-0.81
1263.7,-0.79
1269.7,-0.78
1269.8,-0.77
1257.15,-0.76
1256.8,-0.72
1250.5,-0.74
1250.55,-0.74
1249,-0.73
1245.85,-0.71
1252.5,-0.71
1254.2,-0.7
1262.6,-0.73
1253.7,-0.74
1250,-0.74
1244.85,-0.75
1240.5,-0.72
1244.9,-0.75
1243.65,-0.77
1223.45,-0.79
1217.4,-0.75
1224.85,-0.78
1229.45,-0.85
1224.3,-0.84
1230.55,-0.81
1228.35,-0.87
1219.15,-0.84
1222.05,-0.85
1219.2,-0.84
1222.75,-0.87
1217.6,-0.86
1207.7,-0.83
1212,-0.83
1215.4,-0.85
1212.35,-0.85
1215.5,-0.82
1211.65,-0.78
1204.4,-0.78
1195.3,-0.8
1186.7,-0.78
1179.65,-0.79
1176.7,-0.79
1188.75,-0.75
1194.1,-0.77
1196.85,-0.74
1187.3,-0.73
1189.95,-0.73
1212.75,-0.77
1204.3,-0.77
1202.35,-0.76
1206.85,-0.78
1195.75,-0.8
1194.7,-0.81
1204.3,-0.8
1200.75,-0.84
1195.8,-0.84
1194,-0.86
1197.8,-0.85
1206.65,-0.87
1206.2,-0.89
1196.8,-0.89
1199.4,-0.92
1203,-0.93
1203,-0.92
1207.6,-0.92
1198.75,-0.92
1199.45,-0.94
1198.8,-0.92
1196,-0.91
1183.5,-0.91
1185.3,-0.95
1192.65,-0.93
1203.5,-0.99
1199.45,-1.03
1201.1,-1.07
1187.4,-1.04
1186.4,-1.06
1201.1,-1.02
1218.75,-1.03
1233,-1.03
1228.85,-1.03
1226.75,-1.06
1224.6,-1.07
1228.25,-1.09
1222.9,-1.09
1235.6,-1.08
1231.65,-1.03
1232.15,-1.09
1236.05,-1.02
1230.75,-1.02
1220,-1.07
1217.7,-1.1
1223.25,-1.12
1235.5,-1.16
1231.6,-1.14
1234.85,-1.15
1235.05,-1.15
1223.45,-1.17
1219.05,-1.15
1197.55,-1.12
1201.45,-1.12
1210.6,-1.11
1215.8,-1.06
1223.55,-1.07
1223.1,-1.09
1224,-1.09
1222.15,-1.09
1226.65,-1.11
1225.05,-1.15
1213.2,-1.12
1226.45,-1.05
1220.45,-1.04
1231.05,-1.02
1239.25,-0.97
1236.45,-0.97
1241.2,-0.96
1246.8,-0.99
1248.25,-1.06
1244.75,-1.08
1244.45,-1.08
1239.15,-1.07
1239.1,-1.05
1248.8,-1.01
1248.6,-0.97
1255,-1.03
1257.6,-1.02
1261.25,-0.99
1271.1,-1.03
1277.25,-0.99
1281.65,-0.98
1287.2,-0.96
1287.95,-0.88
1290.35,-0.91
1291.5,-0.92
1283.9,-0.91
1281.3,-0.91
1292.4,-0.93
1292.8,-0.88
1293.7,-0.9
1289.35,-0.91
1290.5,-0.91
1294,-0.96
1285.05,-0.96
1284.75,-0.95
1284.9,-0.96
1279.75,-0.95
1282.95,-0.97
1301,-0.97
1308.35,-0.94
1312.95,-0.86
1322.5,-0.78
1320.75,-0.82
1311,-0.86
1314,-0.84
1313.35,-0.84
1306.6,-0.81
1311.1,-0.81
1306.75,-0.83
1311.6,-0.85
1311.15,-0.85
1305.65,-0.81
1318,-0.8
1329.55,-0.78
1345.75,-0.76
1335.05,-0.78
1322.25,-0.74
1329.15,-0.75
1327.55,-0.72
1326.45,-0.76
1325.45,-0.78
1309.95,-0.8
1287.45,-0.78
1285,-0.79
1285.55,-0.78
1286.4,-0.74
1294.1,-0.72
1296.35,-0.73
1296.95,-0.71
1308.4,-0.69
1299.2,-0.69
1302.65,-0.65
1305.35,-0.64
1308.35,-0.66
1303,-0.58
1317.3,-0.58
1311.1,-0.54
1319.35,-0.55
1315.25,-0.55
1318.25,-0.55
1306.9,-0.56
1291.15,-0.53
1291.9,-0.59
1287.2,-0.58
1291.85,-0.61
1291.6,-0.61
1288.9,-0.6
1297.1,-0.61
1301.85,-0.6
1304.8,-0.54
1304.65,-0.57
1296.15,-0.61
1286.75,-0.61
1283.75,-0.64
1276.1,-0.65
1276.5,-0.62
1273.45,-0.62
1273.8,-0.57
1277.85,-0.56
1281.5,-0.54
1282.15,-0.58
1285.15,-0.56
1281.8,-0.59
1271.45,-0.66
1270.05,-0.63
1281.3,-0.58
1287.75,-0.62
1284.1,-0.6
1285.4,-0.59
1282.95,-0.55
1297.6,-0.56
1298.9,-0.54
1295.55,-0.56
1285.8,-0.58
1275.25,-0.6
1276,-0.6
1274,-0.6
1275.95,-0.58
1281.5,-0.56
1283.9,-0.53
1283.5,-0.5
1276.45,-0.48
1296,-0.4
1313.95,-0.34
1323.6,-0.38
1337.75,-0.37
1336.65,-0.39
1334.3,-0.35
1328.6,-0.42
1322.65,-0.43
1336.65,-0.42
1335.8,-0.42
1352.45,-0.46
1333.2,-0.48
1344.55,-0.42
1342.4,-0.36
1381.65,-0.27
1388.35,-0.34
1405.45,-0.31
1429.55,-0.33
1406.75,-0.35
1402.25,-0.33
1413.2,-0.31
1390.05,-0.34
1393.1,-0.33
1425.1,-0.31
1414.4,-0.35
1404.9,-0.35
1387.9,-0.36
1395.45,-0.33
1423.1,-0.36
1405.6,-0.35
1416.25,-0.32
1416.1,-0.33
1400.8,-0.31
1420.9,-0.25
1437.05,-0.25
1424.45,-0.26
1417.55,-0.27
1425.55,-0.26
1426.35,-0.28
1418.25,-0.3
1418.95,-0.29
1428.45,-0.28
1430.55,-0.26
1406.4,-0.2
1436.05,-0.2
1457.45,-0.15
1461.85,-0.11
1487.65,-0.09
1497.4,-0.07
1503.5,-0.08
1501.95,-0.04
1527.2,-0.05
1500.35,-0.02
1517.65,0.02
1509.05,-0.01
1499.35,-0.04
1502.65,-0.02
1499.65,-0.05
1498.7,-0.07
1495.5,0.02
1531.85,0.06
1541.75,0.08
1536.65,0.09
1526.55,0.05
1532.45,0.03
1538.8,0.04
1542.6,-0.01
1504.95,-0.01
1509.95,-0.06
1494.6,-0.12
1493.65,-0.15
1502.95,-0.16
1506.3,-0.23
1502.05,-0.17
1499.3,-0.15
1502.2,-0.21
1498.4,-0.18
1504.1,-0.13
1519.5,-0.11
1520.25,-0.06
1530.85,-0.13
1507.05,-0.13
1496.15,-0.16
1487.6,-0.15
1466.1,-0.13
1484.05,-0.1
1504,-0.06
1509.5,-0.02
1502.15,-0.05
1500,-0.06
1503.4,-0.1
1508.2,-0.15
1498.35,-0.2
1494.75,-0.21
1482.55,-0.18
1484.45,-0.17
1490.85,-0.19
1487.45,-0.17
1494.25,-0.16
1488.85,-0.15
1504.65,-0.15
1505.05,-0.21
1492.75,-0.23
1490.15,-0.21
1506.4,-0.15
1509.85,-0.14
1509.2,-0.15
1504.6,-0.18
1488.55,-0.15
1484.1,-0.23
1466.85,-0.23
1455,-0.22
1463.45,-0.22
1467.65,-0.2
1465.6,-0.21
1458.4,-0.18
1464.9,-0.16
1475.7,-0.13
1468.9,-0.14
1471.3,-0.15
1459.45,-0.14
1457.65,-0.12
1459.8,-0.14
1456.35,-0.17
1457.5,-0.18
1470.4,-0.09
1475.85,-0.11
1474.6,-0.13
1474.85,-0.15
1463.6,-0.14
1464.45,-0.14
1468.05,-0.1
1474.7,-0.18
1470.6,-0.12
1477.4,-0.16
1478.4,-0.14
1478.9,-0.16
1474.4,-0.15
1476.9,-0.15
1483.95,-0.18
1490.85,-0.15
1510.6,-0.15
1511.5,-0.15
1523,-0.15
1520.55,-0.08
1547.4,-0.03
1576.85,-0.06
1566.5,-0.09
1582.85,-0.12
1547.85,-0.11
1548.8,-0.07
1550.35,-0.08
1544.95,-0.05
1551.9,-0.04
1555.2,-0.07
1556.5,-0.09
1556.25,-0.04
1558.1,-0.05
1554.05,-0.04
1561.85,-0.02
1583.45,0.02
1579.6,0
1571.2,0.04
1580.4,0.07
1580.85,0.14
1578.85,0.09
1571.2,0.03
1552.2,0
1564.75,0.02
1574.05,0.1
1567.7,0.06
1566.75,0.04
1575,0.06
1576.35,0.07
1588.2,0.1
1609.5,0.09
1610.35,0.11
1633.7,0.15
1682.35,0.21
1655.9,0.2
1647.95,0.21
1646.6,0.23
1626.35,0.28
1609.7,0.31
1599.05,0.43
1644.8,0.44
1647.45,0.48
1687,0.57
1676.6,0.45
1657.4,0.24
1662.5,0.14
1636.65,0.04
1588.15,-0.04
1504.65,0
1472.35,-0.39
1506,-0.55
1480.7,-0.62
1504.45,-0.17
1494.5,0.04
1599.5,0.13
1620.95,0.19
1620.1,0.24
1621.2,0.22
1624.45,0.25
1604.65,0.17
1594.25,0.29
1588.05,0.4
1609.75,0.46
1636.6,0.47
1652.2,0.42
1649.05,0.42
1662.5,0.5
1715.85,0.53
1712.25,0.56
1717.85,0.42
1693.15,0.36
1684.95,0.31
1678.6,0.38
1702.65,0.43
1727.55,0.44
1727.25,0.51
1717.25,0.5
1708.1,0.52
1706,0.51
1716.75,0.43
1673.05,0.42
1703.7,0.43
1696.3,0.44
1698.9,0.38
1688.65,0.45
1698.8,0.4
1703.45,0.4
1699.85,0.43
1716.4,0.43
1734.85,0.45
1756.9,0.44
1735.25,0.45
1750.05,0.48
1732.8,0.46
1732.45,0.46
1722.75,0.44
1705.15,0.46
1723.3,0.48
1725.65,0.5
1734.8,0.52
1740.25,0.5
1717.6,0.44
1706.45,0.4
1709.55,0.36
1692,0.4
1707.5,0.42
1717.65,0.52
1731.9,0.55
1735.85,0.5
1710.4,0.52
1728.35,0.52
1717.3,0.52
1732.65,0.57
1728.55,0.6
1745.45,0.63
1756.6,0.66
1775.7,0.64
1758.55,0.65
1762.1,0.68
1768.8,0.7
1770.7,0.68
1787.4,0.68
1771.85,0.73
1774.4,0.76
1775.5,0.78
1799.35,0.75
1812.45,0.77
1805.75,0.76
1808.05,0.78
1798.2,0.78
1809.3,0.77
1804.6,0.79
1802.9,0.82
1810.3,0.84
1823.2,0.87
1851,0.88
1882.35,0.9
1893.85,0.92
1940.55,0.9
1931.65,0.92
1954.35,0.95
1952.2,0.97
1974.7,1
1972.95,1.02
1972.25,1.05
2034.45,1.06
2049.15,1.08
2061.5,1.04
2030.3,1.02
1996.6,0.99
1931.7,0.98
1931,0.96
1948.3,0.94
1949.85,0.97
2005.15,1.01
1993.15,0.99
1928.05,0.97
1932.85,1
1947.55,1.02
1925.45,1.01
1918.5,1.03
1938.8,0.99
1955.85,1.03
1987.95,1.08
1969,1.07
1934.1,1.02
1937.6,0.98
1920.6,0.99
1928.4,1
1944.8,1.01
1944.5,0.98
1942.3,0.97
1963.55,0.99
1964.8,0.99
1936.1,0.97
1954.75,0.97
1930.9,0.94
1903.1,0.94
1888.1,0.92
1850.75,0.91
1870.05,0.92
1850.95,0.94
1882.4,0.98
1883.4,0.94
1895.55,0.95
1906.4,0.94
1899.65,0.9
1912.5,0.9
1888,0.9
1891.35,0.94
1912.4,0.94
1920.8,0.96
1896.45,0.96
1891.7,0.95
1908.2,0.95
1910,0.93
1906.35,0.91
1918.95,0.91
1916.85,0.89
1910.6,0.9
1901.6,0.91
1898.9,0.92
1896.85,0.91
1876.85,0.86
1875.8,0.82
1886.75,0.84
1899.85,0.82
1888.55,0.86
1916.8,0.87
1947.95,0.82
1957.45,0.77
1874.9,0.78
1868,0.83
1878.2,0.83
1892.6,0.81
1885.4,0.83
1877.2,0.82
1857.4,0.84
1867,0.86
1863.8,0.85
1818.1,0.86
1808.55,0.87
1808.05,0.91
1771.95,0.93
1796.2,0.89
1832.95,0.9
1834.8,0.94
1839.3,0.92
1832.8,0.94
1864.5,0.97
1859.8,0.96
1834.2,0.96
1833.65,0.97
1820.25,0.98
1844.3,0.99
1861.35,1
1871.95,1
1878.95,1
1869.25,1
1873.3,1.01
1867.1,1.01
1872.55,1.03
1873.9,1.02
1877.55,1.03
1891.1,1.06
1930.8,1.08
1946.55,1.07
1957.2,1.02
1911.05,1.01
1891.3,0.93
1847.8,0.91
1861.85,0.93
1852.4,0.96
1840.25,0.94
1853.85,0.99
1843.1,1
1854.6,1.02
1867.65,0.98
1853.6,0.99
1855.6,1.03
1853.2,1.03
1846.4,1.04
1839.65,1.06
1852.7,1.02
1857.8,1.02
1847.1,1.03
1834.7,1.04
1811.55,1.02
1808.55,1.02
1811.65,1.03
1846.55,1.04
1843.45,1.06
1841.7,1.04
1818,1.01
1823.45,0.94
1788.85,0.92
1782.8,0.87
1773.75,0.8
1798.8,0.79
1809.5,0.79
1807.25,0.79
1792.1,0.6
1765.1,0.71
1746.95,0.71
1728.5,0.78
1727.05,0.74
1710.05,0.66
1696.05,0.66
1694.45,0.62
1702.85,0.66
1711.5,0.73
1736.35,0.74
1703.85,0.62
1727.9,0.65
1732.3,0.68
1736.95,0.67
1734.1,0.56
1737.2,0.57
1733.4,0.64
1739.25,0.66
1734.05,0.69
1729.2,0.69
1727.85,0.67
1723.95,0.63
1696.7,0.62
1685.35,0.63
1715.85,0.66
1731.05,0.65
1736,0.66
1743.7,0.69
1747.95,0.64
1741.55,0.64
1728.1,0.69
1743.3,0.69
1748,0.77
1766.45,0.77
1788.4,0.73
1765.5,0.74
1781.05,0.76
1785.65,0.76
1785.3,0.76
1779.65,0.78
1780.9,0.76
1764.15,0.78
1774.65,0.77
1768.8,0.76
1784.95,0.81
1778.05,0.88
1793.15,0.87
1820.5,0.89
1834.15,0.91
1837.15,0.89
1833.6,0.85
1814.3,0.85
1833.5,0.88
1848.45,0.9
1867.4,0.88
1860,0.8
1869.35,0.78
1877.65,0.8
1876.85,0.83
1882.8,0.86
1904.3,0.82
1895.05,0.81
1892.45,0.84
1907.7,0.84
1895.9,0.85
1892.15,0.79
1869.55,0.84
1882.05,0.82
1892.05,0.83
1890.45,0.82
1882,0.9
1891.95,0.85
1859.75,0.85
1863.85,0.87
1858.1,0.75
1806.75,0.75
1792.35,0.79
1782.45,0.75
1779.1,0.83
1782.9,0.84
1780.2,0.81
1783.25,0.8
1774.25,0.84
1769.6,0.83
1757.8,0.87
1774,0.87
1783.5,0.89
1807.8,0.94
1804.25,0.95
1810.25,0.92
1803.4,0.91
1802.95,0.95
1807.85,0.94
1813.05,0.97
1832,1.01
1822,1.02
1803.25,1.05
1815.3,1.03
1805.9,0.98
1797.4,1.01
1803.05,1.05
1808.15,1.11
1797.15,1.13
1799.3,1.15
1819.45,1.15
1828.25,1.16
1807.55,1.17
1809.7,1.19
1812.45,1.16
1811.2,1.1
1799.45,1.06
1741.5,1.04
1729.55,1.04
1734.05,1.07
1755.5,1.05
1757.65,1.08
1775.75,1.1
1794.05,1.07
1788.1,1.05
1788.2,1.04
1782.95,1.01
1786.9,1.02
1802.95,1.01
1794.7,1
1783.8,0.99
1795.5,1.08
1814.3,1.03
1813.9,1.03
1815.15,1.03
1812.05,1.01
1810.75,0.98
1797.95,1.03
1795.35,1.08
1799.9,1.05
1787.85,1.04
1788.65,1.05
1801.4,1.04
1781.45,1.01
1766.1,0.96
1757.15,0.98
1766.45,0.96
